Sample_ID,Sample_Name,Sample_Plate,Sample_Well,I7_Index_ID,index,I5_Index_ID,index2,Sample_Project,Description
36,DM011_seq,null,null,PlexWell384-i7_X136,GTTATCGA,PlexWell384-i5_X007A,CTCTCTAT,1. Benchmark 2.0,
68,DM012_seq,null,null,PlexWell384-i7_X168,ATTCTCCA,PlexWell384-i5_X007A,CTCTCTAT,1. Benchmark 2.0,
96,DM013_seq,null,null,PlexWell384-i7_X196,GTGCGTTC,PlexWell384-i5_X007A,CTCTCTAT,1. Benchmark 2.0,
81,DM014_seq,null,null,PlexWell384-i7_X181,CCTACACA,PlexWell384-i5_X007A,CTCTCTAT,1. Benchmark 2.0,
46,DM015_seq,null,null,PlexWell384-i7_X146,CAGGCCAT,PlexWell384-i5_X007A,CTCTCTAT,1. Benchmark 2.0,
83,DM016_seq,null,null,PlexWell384-i7_X183,GTGTCCAT,PlexWell384-i5_X007A,CTCTCTAT,1. Benchmark 2.0,
11,DM017_seq,null,null,PlexWell384-i7_X111,TCCTCAGA,PlexWell384-i5_X007A,CTCTCTAT,1. Benchmark 2.0,
56,DM018_seq,null,null,PlexWell384-i7_X156,TGTTGCAC,PlexWell384-i5_X007A,CTCTCTAT,1. Benchmark 2.0,
54,DM019_seq,null,null,PlexWell384-i7_X154,AACGCTTG,PlexWell384-i5_X007A,CTCTCTAT,1. Benchmark 2.0,
21,DM020_seq,null,null,PlexWell384-i7_X121,CTAACAAC,PlexWell384-i5_X007A,CTCTCTAT,1. Benchmark 2.0,
333,DM020_seq_reseq,null,null,PlexWell384-i7_X146,CAGGCCAT,PlexWell384-i5_X089A,CCCTATGG,1. Benchmark 2.0,
154,DM021_seq,null,null,PlexWell384-i7_X158,CAACTCCG,PlexWell384-i5_X060A,TCTCATAT,1. Benchmark 2.0,
178,DM022_seq,null,null,PlexWell384-i7_X182,GTGCGAGT,PlexWell384-i5_X060A,TCTCATAT,1. Benchmark 2.0,
106,DM023_seq,null,null,PlexWell384-i7_X110,CATCTTCT,PlexWell384-i5_X060A,TCTCATAT,1. Benchmark 2.0,
130,DM024_seq,null,null,PlexWell384-i7_X134,ACACAACA,PlexWell384-i5_X060A,TCTCATAT,1. Benchmark 2.0,
78,DM025_seq,null,null,PlexWell384-i7_X178,CGCTCTTG,PlexWell384-i5_X007A,CTCTCTAT,1. Benchmark 2.0,
55,DM026_seq,null,null,PlexWell384-i7_X155,CGAGCATT,PlexWell384-i5_X007A,CTCTCTAT,1. Benchmark 2.0,
367,DM026_seq_reseq,null,null,PlexWell384-i7_X183,GTGTCCAT,PlexWell384-i5_X089A,CCCTATGG,1. Benchmark 2.0,
90,DM027_seq,null,null,PlexWell384-i7_X190,TGAACTCT,PlexWell384-i5_X007A,CTCTCTAT,1. Benchmark 2.0,
312,DM027_seq_reseq,null,null,PlexWell384-i7_X124,CTAAGGCG,PlexWell384-i5_X089A,CCCTATGG,1. Benchmark 2.0,
187,DM028_seq,null,null,PlexWell384-i7_X191,CAAGTGAC,PlexWell384-i5_X060A,TCTCATAT,1. Benchmark 2.0,
91,DM029_seq,null,null,PlexWell384-i7_X191,CAAGTGAC,PlexWell384-i5_X007A,CTCTCTAT,1. Benchmark 2.0,
79,DM030_seq,null,null,PlexWell384-i7_X179,TCAAGGAT,PlexWell384-i5_X007A,CTCTCTAT,1. Benchmark 2.0,
50,DM031_seq,null,null,PlexWell384-i7_X150,ACTCGAAT,PlexWell384-i5_X007A,CTCTCTAT,1. Benchmark 2.0,
356,DM031_seq_reseq,null,null,PlexWell384-i7_X171,CAAGTAGT,PlexWell384-i5_X089A,CCCTATGG,1. Benchmark 2.0,
39,DM032_seq,null,null,PlexWell384-i7_X139,CGACTAGC,PlexWell384-i5_X007A,CTCTCTAT,1. Benchmark 2.0,
84,DM033_seq,null,null,PlexWell384-i7_X184,GCCAGTGT,PlexWell384-i5_X007A,CTCTCTAT,1. Benchmark 2.0,
305,DM034_seq_reseq,null,null,PlexWell384-i7_X117,CTTGTTGG,PlexWell384-i5_X089A,CCCTATGG,1. Benchmark 2.0,
280,DM035_seq,null,null,PlexWell384-i7_X188,TCAGATAC,PlexWell384-i5_X079A,GATCATAG,1. Benchmark 2.0,
199,DM036_seq,null,null,PlexWell384-i7_X107,ACGAAGCG,PlexWell384-i5_X079A,GATCATAG,1. Benchmark 2.0,
124,DM037_seq,null,null,PlexWell384-i7_X128,ATGGTCCG,PlexWell384-i5_X060A,TCTCATAT,1. Benchmark 2.0,
282,DM038_seq,null,null,PlexWell384-i7_X190,TGAACTCT,PlexWell384-i5_X079A,GATCATAG,1. Benchmark 2.0,
208,DM039_seq,null,null,PlexWell384-i7_X116,TTCACACT,PlexWell384-i5_X079A,GATCATAG,1. Benchmark 2.0,
371,DM040_seq_reseq,null,null,PlexWell384-i7_X188,TCAGATAC,PlexWell384-i5_X089A,CCCTATGG,1. Benchmark 2.0,
123,DM041_seq,null,null,PlexWell384-i7_X127,AAGTACCT,PlexWell384-i5_X060A,TCTCATAT,1. Benchmark 2.0,
175,DM042_seq,null,null,PlexWell384-i7_X179,TCAAGGAT,PlexWell384-i5_X060A,TCTCATAT,1. Benchmark 2.0,
328,DM043_seq_reseq,null,null,PlexWell384-i7_X141,CTGGTCGT,PlexWell384-i5_X089A,CCCTATGG,1. Benchmark 2.0,
104,DM044_seq,null,null,PlexWell384-i7_X108,CAGAGTGG,PlexWell384-i5_X060A,TCTCATAT,1. Benchmark 2.0,
116,DM045_seq,null,null,PlexWell384-i7_X120,TTGGCTGC,PlexWell384-i5_X060A,TCTCATAT,1. Benchmark 2.0,
42,DM046_seq,null,null,PlexWell384-i7_X142,TGGTACAG,PlexWell384-i5_X007A,CTCTCTAT,1. Benchmark 2.0,
134,DM047_seq,null,null,PlexWell384-i7_X138,CGTCTGAA,PlexWell384-i5_X060A,TCTCATAT,1. Benchmark 2.0,
122,DM048_seq,null,null,PlexWell384-i7_X126,CAGGAAGG,PlexWell384-i5_X060A,TCTCATAT,1. Benchmark 2.0,
169,DM049_seq,null,null,PlexWell384-i7_X173,TGGTGGAA,PlexWell384-i5_X060A,TCTCATAT,1. Benchmark 2.0,
98,DM050_seq,null,null,PlexWell384-i7_X102,GGCTCCTA,PlexWell384-i5_X060A,TCTCATAT,1. Benchmark 2.0,
33,DM051_seq,null,null,PlexWell384-i7_X133,CCATACTC,PlexWell384-i5_X007A,CTCTCTAT,1. Benchmark 2.0,
23,DM052_seq,null,null,PlexWell384-i7_X123,ACGCTGCA,PlexWell384-i5_X007A,CTCTCTAT,1. Benchmark 2.0,
355,DM052_seq_reseq,null,null,PlexWell384-i7_X170,ACCGACCA,PlexWell384-i5_X089A,CCCTATGG,1. Benchmark 2.0,
142,DM053_seq,null,null,PlexWell384-i7_X146,CAGGCCAT,PlexWell384-i5_X060A,TCTCATAT,1. Benchmark 2.0,
207,DM054_seq,null,null,PlexWell384-i7_X115,AATGTGCC,PlexWell384-i5_X079A,GATCATAG,1. Benchmark 2.0,
118,DM055_seq,null,null,PlexWell384-i7_X122,ACATCCTT,PlexWell384-i5_X060A,TCTCATAT,1. Benchmark 2.0,
62,DM056_seq,null,null,PlexWell384-i7_X162,GTACCAGC,PlexWell384-i5_X007A,CTCTCTAT,1. Benchmark 2.0,
86,DM057_seq,null,null,PlexWell384-i7_X186,CCTGTTAC,PlexWell384-i5_X007A,CTCTCTAT,1. Benchmark 2.0,
140,DM058_seq,null,null,PlexWell384-i7_X144,ATGACACC,PlexWell384-i5_X060A,TCTCATAT,1. Benchmark 2.0,
6,DM059_seq,null,null,PlexWell384-i7_X106,GTTCGTCT,PlexWell384-i5_X007A,CTCTCTAT,1. Benchmark 2.0,
95,DM060_seq,null,null,PlexWell384-i7_X195,CTAGCCGA,PlexWell384-i5_X007A,CTCTCTAT,1. Benchmark 2.0,
48,DM061_seq,null,null,PlexWell384-i7_X148,TGGACAAC,PlexWell384-i5_X007A,CTCTCTAT,1. Benchmark 2.0,
345,DM061_seq_reseq,null,null,PlexWell384-i7_X159,TCAACTGA,PlexWell384-i5_X089A,CCCTATGG,1. Benchmark 2.0,
93,DM062_seq,null,null,PlexWell384-i7_X193,CGCGTGAT,PlexWell384-i5_X007A,CTCTCTAT,1. Benchmark 2.0,
58,DM063_seq,null,null,PlexWell384-i7_X158,CAACTCCG,PlexWell384-i5_X007A,CTCTCTAT,1. Benchmark 2.0,
4,DM064_seq,null,null,PlexWell384-i7_X104,CCATTGCG,PlexWell384-i5_X007A,CTCTCTAT,1. Benchmark 2.0,
298,DM064_seq_reseq,null,null,PlexWell384-i7_X110,CATCTTCT,PlexWell384-i5_X089A,CCCTATGG,1. Benchmark 2.0,
28,DM065_seq,null,null,PlexWell384-i7_X128,ATGGTCCG,PlexWell384-i5_X007A,CTCTCTAT,1. Benchmark 2.0,
377,DM065_seq_reseq,null,null,PlexWell384-i7_X194,ATGCCGCT,PlexWell384-i5_X089A,CCCTATGG,1. Benchmark 2.0,
166,DM066_seq,null,null,PlexWell384-i7_X170,ACCGACCA,PlexWell384-i5_X060A,TCTCATAT,1. Benchmark 2.0,
210,DM067_seq,null,null,PlexWell384-i7_X118,CCAGGTAA,PlexWell384-i5_X079A,GATCATAG,1. Benchmark 2.0,
228,DM182_seq,null,null,PlexWell384-i7_X136,GTTATCGA,PlexWell384-i5_X079A,GATCATAG,1. Benchmark 2.0,
14,DM183_seq,null,null,PlexWell384-i7_X114,CAGAAGAA,PlexWell384-i5_X007A,CTCTCTAT,1. Benchmark 2.0,
253,DM184_seq,null,null,PlexWell384-i7_X161,CCGAGTTA,PlexWell384-i5_X079A,GATCATAG,1. Benchmark 2.0,
167,DM185_seq,null,null,PlexWell384-i7_X171,CAAGTAGT,PlexWell384-i5_X060A,TCTCATAT,1. Benchmark 2.0,
168,DM186_seq,null,null,PlexWell384-i7_X172,CTGCGAAC,PlexWell384-i5_X060A,TCTCATAT,1. Benchmark 2.0,
179,DM187_seq,null,null,PlexWell384-i7_X183,GTGTCCAT,PlexWell384-i5_X060A,TCTCATAT,1. Benchmark 2.0,
240,DM188_seq,null,null,PlexWell384-i7_X148,TGGACAAC,PlexWell384-i5_X079A,GATCATAG,1. Benchmark 2.0,
264,DM189_seq,null,null,PlexWell384-i7_X172,CTGCGAAC,PlexWell384-i5_X079A,GATCATAG,1. Benchmark 2.0,
216,DM190_seq,null,null,PlexWell384-i7_X124,CTAAGGCG,PlexWell384-i5_X079A,GATCATAG,1. Benchmark 2.0,
82,DM191_seq,null,null,PlexWell384-i7_X182,GTGCGAGT,PlexWell384-i5_X007A,CTCTCTAT,1. Benchmark 2.0,
176,DM192_seq,null,null,PlexWell384-i7_X180,CGCAACAG,PlexWell384-i5_X060A,TCTCATAT,1. Benchmark 2.0,
47,DM193_seq,null,null,PlexWell384-i7_X147,CAACCGTG,PlexWell384-i5_X007A,CTCTCTAT,1. Benchmark 2.0,
334,DM193_seq_reseq,null,null,PlexWell384-i7_X147,CAACCGTG,PlexWell384-i5_X089A,CCCTATGG,1. Benchmark 2.0,
188,DM194_seq,null,null,PlexWell384-i7_X192,CTTCTGGC,PlexWell384-i5_X060A,TCTCATAT,1. Benchmark 2.0,
145,DM195_seq,null,null,PlexWell384-i7_X149,TGGTGACT,PlexWell384-i5_X060A,TCTCATAT,1. Benchmark 2.0,
252,DM196_seq,null,null,PlexWell384-i7_X160,CTATTCCA,PlexWell384-i5_X079A,GATCATAG,1. Benchmark 2.0,
181,DM197_seq,null,null,PlexWell384-i7_X185,CTGTACGC,PlexWell384-i5_X060A,TCTCATAT,1. Benchmark 2.0,
67,DM198_seq,null,null,PlexWell384-i7_X167,ACCGTTCC,PlexWell384-i5_X007A,CTCTCTAT,1. Benchmark 2.0,
26,DM199_seq,null,null,PlexWell384-i7_X126,CAGGAAGG,PlexWell384-i5_X007A,CTCTCTAT,1. Benchmark 2.0,
366,DM199_seq_reseq,null,null,PlexWell384-i7_X182,GTGCGAGT,PlexWell384-i5_X089A,CCCTATGG,1. Benchmark 2.0,
2,DM200_seq,null,null,PlexWell384-i7_X102,GGCTCCTA,PlexWell384-i5_X007A,CTCTCTAT,1. Benchmark 2.0,
376,DM200_seq_reseq,null,null,PlexWell384-i7_X193,CGCGTGAT,PlexWell384-i5_X089A,CCCTATGG,1. Benchmark 2.0,
12,DM201_seq,null,null,PlexWell384-i7_X112,TTCCATTC,PlexWell384-i5_X007A,CTCTCTAT,1. Benchmark 2.0,
57,DM202_seq,null,null,PlexWell384-i7_X157,TCACTCAC,PlexWell384-i5_X007A,CTCTCTAT,1. Benchmark 2.0,
22,DM203_seq,null,null,PlexWell384-i7_X122,ACATCCTT,PlexWell384-i5_X007A,CTCTCTAT,1. Benchmark 2.0,
344,DM203_seq_reseq,null,null,PlexWell384-i7_X158,CAACTCCG,PlexWell384-i5_X089A,CCCTATGG,1. Benchmark 2.0,
110,DM204_seq,null,null,PlexWell384-i7_X114,CAGAAGAA,PlexWell384-i5_X060A,TCTCATAT,1. Benchmark 2.0,
364,DM204_seq_reseq,null,null,PlexWell384-i7_X180,CGCAACAG,PlexWell384-i5_X089A,CCCTATGG,1. Benchmark 2.0,
359,DM205_seq_reseq,null,null,PlexWell384-i7_X175,TCTATTGG,PlexWell384-i5_X089A,CCCTATGG,1. Benchmark 2.0,
197,DM206_seq,null,null,PlexWell384-i7_X105,TACAGAGT,PlexWell384-i5_X079A,GATCATAG,1. Benchmark 2.0,
196,DM207_seq,null,null,PlexWell384-i7_X104,CCATTGCG,PlexWell384-i5_X079A,GATCATAG,1. Benchmark 2.0,
148,DM208_seq,null,null,PlexWell384-i7_X152,CACATGGT,PlexWell384-i5_X060A,TCTCATAT,1. Benchmark 2.0,
351,DM209_seq_reseq,null,null,PlexWell384-i7_X166,ATTCCGTA,PlexWell384-i5_X089A,CCCTATGG,1. Benchmark 2.0,
316,DM210_seq_reseq,null,null,PlexWell384-i7_X128,ATGGTCCG,PlexWell384-i5_X089A,CCCTATGG,1. Benchmark 2.0,
268,DM211_seq,null,null,PlexWell384-i7_X176,CCACAATG,PlexWell384-i5_X079A,GATCATAG,1. Benchmark 2.0,
265,DM212_seq,null,null,PlexWell384-i7_X173,TGGTGGAA,PlexWell384-i5_X079A,GATCATAG,1. Benchmark 2.0,
75,DM213_seq,null,null,PlexWell384-i7_X175,TCTATTGG,PlexWell384-i5_X007A,CTCTCTAT,1. Benchmark 2.0,
177,DM214_seq,null,null,PlexWell384-i7_X181,CCTACACA,PlexWell384-i5_X060A,TCTCATAT,1. Benchmark 2.0,
218,DM215_seq,null,null,PlexWell384-i7_X126,CAGGAAGG,PlexWell384-i5_X079A,GATCATAG,1. Benchmark 2.0,
156,DM216_seq,null,null,PlexWell384-i7_X160,CTATTCCA,PlexWell384-i5_X060A,TCTCATAT,1. Benchmark 2.0,
332,DM216_seq_reseq,null,null,PlexWell384-i7_X145,TCCTTGGC,PlexWell384-i5_X089A,CCCTATGG,1. Benchmark 2.0,
229,DM217_seq,null,null,PlexWell384-i7_X137,GGAGCTAT,PlexWell384-i5_X079A,GATCATAG,1. Benchmark 2.0,
165,DM218_seq,null,null,PlexWell384-i7_X169,CAGGCTTC,PlexWell384-i5_X060A,TCTCATAT,1. Benchmark 2.0,
191,DM219_seq,null,null,PlexWell384-i7_X195,CTAGCCGA,PlexWell384-i5_X060A,TCTCATAT,1. Benchmark 2.0,
180,DM220_seq,null,null,PlexWell384-i7_X184,GCCAGTGT,PlexWell384-i5_X060A,TCTCATAT,1. Benchmark 2.0,
217,DM221_seq,null,null,PlexWell384-i7_X125,ATAGATCC,PlexWell384-i5_X079A,GATCATAG,1. Benchmark 2.0,
20,DM222_seq,null,null,PlexWell384-i7_X120,TTGGCTGC,PlexWell384-i5_X007A,CTCTCTAT,1. Benchmark 2.0,
322,DM222_seq_reseq,null,null,PlexWell384-i7_X134,ACACAACA,PlexWell384-i5_X089A,CCCTATGG,1. Benchmark 2.0,
117,DM223_seq,null,null,PlexWell384-i7_X121,CTAACAAC,PlexWell384-i5_X060A,TCTCATAT,1. Benchmark 2.0,
8,DM224_seq,null,null,PlexWell384-i7_X108,CAGAGTGG,PlexWell384-i5_X007A,CTCTCTAT,1. Benchmark 2.0,
209,DM225_seq,null,null,PlexWell384-i7_X117,CTTGTTGG,PlexWell384-i5_X079A,GATCATAG,1. Benchmark 2.0,
360,DM226_seq_reseq,null,null,PlexWell384-i7_X176,CCACAATG,PlexWell384-i5_X089A,CCCTATGG,1. Benchmark 2.0,
211,DM227_seq,null,null,PlexWell384-i7_X119,CTCTCAGG,PlexWell384-i5_X079A,GATCATAG,1. Benchmark 2.0,
324,DM228_seq_reseq,null,null,PlexWell384-i7_X137,GGAGCTAT,PlexWell384-i5_X089A,CCCTATGG,1. Benchmark 2.0,
335,DM229_seq_reseq,null,null,PlexWell384-i7_X149,TGGTGACT,PlexWell384-i5_X089A,CCCTATGG,1. Benchmark 2.0,
153,DM230_seq,null,null,PlexWell384-i7_X157,TCACTCAC,PlexWell384-i5_X060A,TCTCATAT,1. Benchmark 2.0,
105,DM231_seq,null,null,PlexWell384-i7_X109,ATGGAACA,PlexWell384-i5_X060A,TCTCATAT,1. Benchmark 2.0,
72,DM232_seq,null,null,PlexWell384-i7_X172,CTGCGAAC,PlexWell384-i5_X007A,CTCTCTAT,1. Benchmark 2.0,
64,DM233_seq,null,null,PlexWell384-i7_X164,GGTGTGAC,PlexWell384-i5_X007A,CTCTCTAT,1. Benchmark 2.0,
97,DM234_seq,null,null,PlexWell384-i7_X101,ACTCACCG,PlexWell384-i5_X060A,TCTCATAT,1. Benchmark 2.0,
16,DM235_seq,null,null,PlexWell384-i7_X116,TTCACACT,PlexWell384-i5_X007A,CTCTCTAT,1. Benchmark 2.0,
27,DM236_seq,null,null,PlexWell384-i7_X127,AAGTACCT,PlexWell384-i5_X007A,CTCTCTAT,1. Benchmark 2.0,
51,DM237_seq,null,null,PlexWell384-i7_X151,GTTAAGCA,PlexWell384-i5_X007A,CTCTCTAT,1. Benchmark 2.0,
3,DM238_seq,null,null,PlexWell384-i7_X103,GTTGACAG,PlexWell384-i5_X007A,CTCTCTAT,1. Benchmark 2.0,
66,DM239_seq,null,null,PlexWell384-i7_X166,ATTCCGTA,PlexWell384-i5_X007A,CTCTCTAT,1. Benchmark 2.0,
76,DM240_seq,null,null,PlexWell384-i7_X176,CCACAATG,PlexWell384-i5_X007A,CTCTCTAT,1. Benchmark 2.0,
88,DM241_seq,null,null,PlexWell384-i7_X188,TCAGATAC,PlexWell384-i5_X007A,CTCTCTAT,1. Benchmark 2.0,
109,DM242_seq,null,null,PlexWell384-i7_X113,CCTTATGT,PlexWell384-i5_X060A,TCTCATAT,1. Benchmark 2.0,
53,DM243_seq,null,null,PlexWell384-i7_X153,CTCGTACA,PlexWell384-i5_X007A,CTCTCTAT,1. Benchmark 2.0,
59,DM244_seq,null,null,PlexWell384-i7_X159,TCAACTGA,PlexWell384-i5_X007A,CTCTCTAT,1. Benchmark 2.0,
60,DM245_seq,null,null,PlexWell384-i7_X160,CTATTCCA,PlexWell384-i5_X007A,CTCTCTAT,1. Benchmark 2.0,
65,DM246_seq,null,null,PlexWell384-i7_X165,CGTAATTC,PlexWell384-i5_X007A,CTCTCTAT,1. Benchmark 2.0,
7,DM247_seq,null,null,PlexWell384-i7_X107,ACGAAGCG,PlexWell384-i5_X007A,CTCTCTAT,1. Benchmark 2.0,
310,DM247_seq_reseq,null,null,PlexWell384-i7_X122,ACATCCTT,PlexWell384-i5_X089A,CCCTATGG,1. Benchmark 2.0,
120,DM248_seq,null,null,PlexWell384-i7_X124,CTAAGGCG,PlexWell384-i5_X060A,TCTCATAT,1. Benchmark 2.0,
141,DM249_seq,null,null,PlexWell384-i7_X145,TCCTTGGC,PlexWell384-i5_X060A,TCTCATAT,1. Benchmark 2.0,
297,DM249_seq_reseq,null,null,PlexWell384-i7_X109,ATGGAACA,PlexWell384-i5_X089A,CCCTATGG,1. Benchmark 2.0,
144,DM250_seq,null,null,PlexWell384-i7_X148,TGGACAAC,PlexWell384-i5_X060A,TCTCATAT,1. Benchmark 2.0,
309,DM250_seq_reseq,null,null,PlexWell384-i7_X121,CTAACAAC,PlexWell384-i5_X089A,CCCTATGG,1. Benchmark 2.0,
193,DM251_seq,null,null,PlexWell384-i7_X101,ACTCACCG,PlexWell384-i5_X079A,GATCATAG,1. Benchmark 2.0,
108,DM252_seq,null,null,PlexWell384-i7_X112,TTCCATTC,PlexWell384-i5_X060A,TCTCATAT,1. Benchmark 2.0,
129,DM253_seq,null,null,PlexWell384-i7_X133,CCATACTC,PlexWell384-i5_X060A,TCTCATAT,1. Benchmark 2.0,
206,DM254_seq,null,null,PlexWell384-i7_X114,CAGAAGAA,PlexWell384-i5_X079A,GATCATAG,1. Benchmark 2.0,
92,DM255_seq,null,null,PlexWell384-i7_X192,CTTCTGGC,PlexWell384-i5_X007A,CTCTCTAT,1. Benchmark 2.0,
121,DM256_seq,null,null,PlexWell384-i7_X125,ATAGATCC,PlexWell384-i5_X060A,TCTCATAT,1. Benchmark 2.0,
41,DM257_seq,null,null,PlexWell384-i7_X141,CTGGTCGT,PlexWell384-i5_X007A,CTCTCTAT,1. Benchmark 2.0,
128,DM258_seq,null,null,PlexWell384-i7_X132,GATGAGAA,PlexWell384-i5_X060A,TCTCATAT,1. Benchmark 2.0,
17,DM259_seq,null,null,PlexWell384-i7_X117,CTTGTTGG,PlexWell384-i5_X007A,CTCTCTAT,1. Benchmark 2.0,
152,DM260_seq,null,null,PlexWell384-i7_X156,TGTTGCAC,PlexWell384-i5_X060A,TCTCATAT,1. Benchmark 2.0,
77,DM261_seq,null,null,PlexWell384-i7_X177,ATTCGCAG,PlexWell384-i5_X007A,CTCTCTAT,1. Benchmark 2.0,
281,DM262_seq,null,null,PlexWell384-i7_X189,ACCTGAGC,PlexWell384-i5_X079A,GATCATAG,1. Benchmark 2.0,
339,DM263_seq_reseq,null,null,PlexWell384-i7_X153,CTCGTACA,PlexWell384-i5_X089A,CCCTATGG,1. Benchmark 2.0,
221,DM264_seq,null,null,PlexWell384-i7_X129,TGTAAGAC,PlexWell384-i5_X079A,GATCATAG,1. Benchmark 2.0,
243,DM265_seq,null,null,PlexWell384-i7_X151,GTTAAGCA,PlexWell384-i5_X079A,GATCATAG,1. Benchmark 2.0,
233,DM266_seq,null,null,PlexWell384-i7_X141,CTGGTCGT,PlexWell384-i5_X079A,GATCATAG,1. Benchmark 2.0,
246,DM267_seq,null,null,PlexWell384-i7_X154,AACGCTTG,PlexWell384-i5_X079A,GATCATAG,1. Benchmark 2.0,
293,DM268_seq_reseq,null,null,PlexWell384-i7_X105,TACAGAGT,PlexWell384-i5_X089A,CCCTATGG,1. Benchmark 2.0,
45,DM269_seq,null,null,PlexWell384-i7_X145,TCCTTGGC,PlexWell384-i5_X007A,CTCTCTAT,1. Benchmark 2.0,
70,DM270_seq,null,null,PlexWell384-i7_X170,ACCGACCA,PlexWell384-i5_X007A,CTCTCTAT,1. Benchmark 2.0,
35,DM271_seq,null,null,PlexWell384-i7_X135,CGATGGCA,PlexWell384-i5_X007A,CTCTCTAT,1. Benchmark 2.0,
323,DM271_seq_reseq,null,null,PlexWell384-i7_X135,CGATGGCA,PlexWell384-i5_X089A,CCCTATGG,1. Benchmark 2.0,
254,DM272_seq,null,null,PlexWell384-i7_X162,GTACCAGC,PlexWell384-i5_X079A,GATCATAG,1. Benchmark 2.0,
230,DM273_seq,null,null,PlexWell384-i7_X138,CGTCTGAA,PlexWell384-i5_X079A,GATCATAG,1. Benchmark 2.0,
277,DM274_seq,null,null,PlexWell384-i7_X185,CTGTACGC,PlexWell384-i5_X079A,GATCATAG,1. Benchmark 2.0,
205,DM275_seq,null,null,PlexWell384-i7_X113,CCTTATGT,PlexWell384-i5_X079A,GATCATAG,1. Benchmark 2.0,
49,DM276_seq,null,null,PlexWell384-i7_X149,TGGTGACT,PlexWell384-i5_X007A,CTCTCTAT,1. Benchmark 2.0,
37,DM277_seq,null,null,PlexWell384-i7_X137,GGAGCTAT,PlexWell384-i5_X007A,CTCTCTAT,1. Benchmark 2.0,
85,DM278_seq,null,null,PlexWell384-i7_X185,CTGTACGC,PlexWell384-i5_X007A,CTCTCTAT,1. Benchmark 2.0,
61,DM279_seq,null,null,PlexWell384-i7_X161,CCGAGTTA,PlexWell384-i5_X007A,CTCTCTAT,1. Benchmark 2.0,
192,DM280_seq,null,null,PlexWell384-i7_X196,GTGCGTTC,PlexWell384-i5_X060A,TCTCATAT,1. Benchmark 2.0,
80,DM281_seq,null,null,PlexWell384-i7_X180,CGCAACAG,PlexWell384-i5_X007A,CTCTCTAT,1. Benchmark 2.0,
164,DM282_seq,null,null,PlexWell384-i7_X168,ATTCTCCA,PlexWell384-i5_X060A,TCTCATAT,1. Benchmark 2.0,
285,DM283_seq,null,null,PlexWell384-i7_X193,CGCGTGAT,PlexWell384-i5_X079A,GATCATAG,1. Benchmark 2.0,
13,DM284_seq,null,null,PlexWell384-i7_X113,CCTTATGT,PlexWell384-i5_X007A,CTCTCTAT,1. Benchmark 2.0,
202,DM285_seq,null,null,PlexWell384-i7_X110,CATCTTCT,PlexWell384-i5_X079A,GATCATAG,1. Benchmark 2.0,
313,DM286_seq_reseq,null,null,PlexWell384-i7_X125,ATAGATCC,PlexWell384-i5_X089A,CCCTATGG,1. Benchmark 2.0,
276,DM287_seq,null,null,PlexWell384-i7_X184,GCCAGTGT,PlexWell384-i5_X079A,GATCATAG,1. Benchmark 2.0,
132,DM288_seq,null,null,PlexWell384-i7_X136,GTTATCGA,PlexWell384-i5_X060A,TCTCATAT,1. Benchmark 2.0,
327,DM289_seq_reseq,null,null,PlexWell384-i7_X140,TCCTATCT,PlexWell384-i5_X089A,CCCTATGG,1. Benchmark 2.0,
174,DM290_seq,null,null,PlexWell384-i7_X178,CGCTCTTG,PlexWell384-i5_X060A,TCTCATAT,1. Benchmark 2.0,
354,DM290_seq_reseq,null,null,PlexWell384-i7_X169,CAGGCTTC,PlexWell384-i5_X089A,CCCTATGG,1. Benchmark 2.0,
201,DM291_seq,null,null,PlexWell384-i7_X109,ATGGAACA,PlexWell384-i5_X079A,GATCATAG,1. Benchmark 2.0,
301,DM292_seq_reseq,null,null,PlexWell384-i7_X113,CCTTATGT,PlexWell384-i5_X089A,CCCTATGG,1. Benchmark 2.0,
288,DM293_seq,null,null,PlexWell384-i7_X196,GTGCGTTC,PlexWell384-i5_X079A,GATCATAG,1. Benchmark 2.0,
10,DM294_seq,null,null,PlexWell384-i7_X110,CATCTTCT,PlexWell384-i5_X007A,CTCTCTAT,1. Benchmark 2.0,
325,DM295_seq_reseq,null,null,PlexWell384-i7_X138,CGTCTGAA,PlexWell384-i5_X089A,CCCTATGG,1. Benchmark 2.0,
94,DM359_seq,null,null,PlexWell384-i7_X194,ATGCCGCT,PlexWell384-i5_X007A,CTCTCTAT,1. Benchmark 2.0,
9,DM360_seq,null,null,PlexWell384-i7_X109,ATGGAACA,PlexWell384-i5_X007A,CTCTCTAT,1. Benchmark 2.0,
32,DM361_seq,null,null,PlexWell384-i7_X132,GATGAGAA,PlexWell384-i5_X007A,CTCTCTAT,1. Benchmark 2.0,
69,DM362_seq,null,null,PlexWell384-i7_X169,CAGGCTTC,PlexWell384-i5_X007A,CTCTCTAT,1. Benchmark 2.0,
300,DM362_seq_reseq,null,null,PlexWell384-i7_X112,TTCCATTC,PlexWell384-i5_X089A,CCCTATGG,1. Benchmark 2.0,
44,DM363_seq,null,null,PlexWell384-i7_X144,ATGACACC,PlexWell384-i5_X007A,CTCTCTAT,1. Benchmark 2.0,
52,DM364_seq,null,null,PlexWell384-i7_X152,CACATGGT,PlexWell384-i5_X007A,CTCTCTAT,1. Benchmark 2.0,
5,DM365_seq,null,null,PlexWell384-i7_X105,TACAGAGT,PlexWell384-i5_X007A,CTCTCTAT,1. Benchmark 2.0,
31,DM366_seq,null,null,PlexWell384-i7_X131,CACCGCAA,PlexWell384-i5_X007A,CTCTCTAT,1. Benchmark 2.0,
311,DM366_seq_reseq,null,null,PlexWell384-i7_X123,ACGCTGCA,PlexWell384-i5_X089A,CCCTATGG,1. Benchmark 2.0,
163,DM367_seq,null,null,PlexWell384-i7_X167,ACCGTTCC,PlexWell384-i5_X060A,TCTCATAT,1. Benchmark 2.0,
19,DM368_seq,null,null,PlexWell384-i7_X119,CTCTCAGG,PlexWell384-i5_X007A,CTCTCTAT,1. Benchmark 2.0,
139,DM369_seq,null,null,PlexWell384-i7_X143,TGCTCCGT,PlexWell384-i5_X060A,TCTCATAT,1. Benchmark 2.0,
186,DM370_seq,null,null,PlexWell384-i7_X190,TGAACTCT,PlexWell384-i5_X060A,TCTCATAT,1. Benchmark 2.0,
30,DM371_seq,null,null,PlexWell384-i7_X130,CACAGTCT,PlexWell384-i5_X007A,CTCTCTAT,1. Benchmark 2.0,
43,DM372_seq,null,null,PlexWell384-i7_X143,TGCTCCGT,PlexWell384-i5_X007A,CTCTCTAT,1. Benchmark 2.0,
15,DM373_seq,null,null,PlexWell384-i7_X115,AATGTGCC,PlexWell384-i5_X007A,CTCTCTAT,1. Benchmark 2.0,
74,DM374_seq,null,null,PlexWell384-i7_X174,ACTTCAAC,PlexWell384-i5_X007A,CTCTCTAT,1. Benchmark 2.0,
40,DM375_seq,null,null,PlexWell384-i7_X140,TCCTATCT,PlexWell384-i5_X007A,CTCTCTAT,1. Benchmark 2.0,
87,DM376_seq,null,null,PlexWell384-i7_X187,TGAATGTG,PlexWell384-i5_X007A,CTCTCTAT,1. Benchmark 2.0,
34,DM377_seq,null,null,PlexWell384-i7_X134,ACACAACA,PlexWell384-i5_X007A,CTCTCTAT,1. Benchmark 2.0,
71,DM378_seq,null,null,PlexWell384-i7_X171,CAAGTAGT,PlexWell384-i5_X007A,CTCTCTAT,1. Benchmark 2.0,
24,DM379_seq,null,null,PlexWell384-i7_X124,CTAAGGCG,PlexWell384-i5_X007A,CTCTCTAT,1. Benchmark 2.0,
29,DM380_seq,null,null,PlexWell384-i7_X129,TGTAAGAC,PlexWell384-i5_X007A,CTCTCTAT,1. Benchmark 2.0,
299,DM380_seq_reseq,null,null,PlexWell384-i7_X111,TCCTCAGA,PlexWell384-i5_X089A,CCCTATGG,1. Benchmark 2.0,
89,DM381_seq,null,null,PlexWell384-i7_X189,ACCTGAGC,PlexWell384-i5_X007A,CTCTCTAT,1. Benchmark 2.0,
103,DM382_seq,null,null,PlexWell384-i7_X107,ACGAAGCG,PlexWell384-i5_X060A,TCTCATAT,1. Benchmark 2.0,
353,DM382_seq_reseq,null,null,PlexWell384-i7_X168,ATTCTCCA,PlexWell384-i5_X089A,CCCTATGG,1. Benchmark 2.0,
127,DM383_seq,null,null,PlexWell384-i7_X131,CACCGCAA,PlexWell384-i5_X060A,TCTCATAT,1. Benchmark 2.0,
151,DM384_seq,null,null,PlexWell384-i7_X155,CGAGCATT,PlexWell384-i5_X060A,TCTCATAT,1. Benchmark 2.0,
219,DM385_seq,null,null,PlexWell384-i7_X127,AAGTACCT,PlexWell384-i5_X079A,GATCATAG,1. Benchmark 2.0,
63,DM386_seq,null,null,PlexWell384-i7_X163,AACCAATC,PlexWell384-i5_X007A,CTCTCTAT,1. Benchmark 2.0,
378,DM386_seq_reseq,null,null,PlexWell384-i7_X195,CTAGCCGA,PlexWell384-i5_X089A,CCCTATGG,1. Benchmark 2.0,
125,DM387_seq,null,null,PlexWell384-i7_X129,TGTAAGAC,PlexWell384-i5_X060A,TCTCATAT,1. Benchmark 2.0,
375,DM387_seq_reseq,null,null,PlexWell384-i7_X192,CTTCTGGC,PlexWell384-i5_X089A,CCCTATGG,1. Benchmark 2.0,
159,DM388_seq,null,null,PlexWell384-i7_X163,AACCAATC,PlexWell384-i5_X060A,TCTCATAT,1. Benchmark 2.0,
173,DM389_seq,null,null,PlexWell384-i7_X177,ATTCGCAG,PlexWell384-i5_X060A,TCTCATAT,1. Benchmark 2.0,
111,DM390_seq,null,null,PlexWell384-i7_X115,AATGTGCC,PlexWell384-i5_X060A,TCTCATAT,1. Benchmark 2.0,
147,DM391_seq,null,null,PlexWell384-i7_X151,GTTAAGCA,PlexWell384-i5_X060A,TCTCATAT,1. Benchmark 2.0,
18,DM392_seq,null,null,PlexWell384-i7_X118,CCAGGTAA,PlexWell384-i5_X007A,CTCTCTAT,1. Benchmark 2.0,
115,DM393_seq,null,null,PlexWell384-i7_X119,CTCTCAGG,PlexWell384-i5_X060A,TCTCATAT,1. Benchmark 2.0,
131,DM394_seq,null,null,PlexWell384-i7_X135,CGATGGCA,PlexWell384-i5_X060A,TCTCATAT,1. Benchmark 2.0,
278,DM395_seq,null,null,PlexWell384-i7_X186,CCTGTTAC,PlexWell384-i5_X079A,GATCATAG,1. Benchmark 2.0,
190,DM396_seq,null,null,PlexWell384-i7_X194,ATGCCGCT,PlexWell384-i5_X060A,TCTCATAT,1. Benchmark 2.0,
143,DM397_seq,null,null,PlexWell384-i7_X147,CAACCGTG,PlexWell384-i5_X060A,TCTCATAT,1. Benchmark 2.0,
100,DM398_seq,null,null,PlexWell384-i7_X104,CCATTGCG,PlexWell384-i5_X060A,TCTCATAT,1. Benchmark 2.0,
184,DM399_seq,null,null,PlexWell384-i7_X188,TCAGATAC,PlexWell384-i5_X060A,TCTCATAT,1. Benchmark 2.0,
137,DM400_seq,null,null,PlexWell384-i7_X141,CTGGTCGT,PlexWell384-i5_X060A,TCTCATAT,1. Benchmark 2.0,
155,DM401_seq,null,null,PlexWell384-i7_X159,TCAACTGA,PlexWell384-i5_X060A,TCTCATAT,1. Benchmark 2.0,
195,DM402_seq,null,null,PlexWell384-i7_X103,GTTGACAG,PlexWell384-i5_X079A,GATCATAG,1. Benchmark 2.0,
107,DM403_seq,null,null,PlexWell384-i7_X111,TCCTCAGA,PlexWell384-i5_X060A,TCTCATAT,1. Benchmark 2.0,
119,DM404_seq,null,null,PlexWell384-i7_X123,ACGCTGCA,PlexWell384-i5_X060A,TCTCATAT,1. Benchmark 2.0,
349,DM405_seq_reseq,null,null,PlexWell384-i7_X164,GGTGTGAC,PlexWell384-i5_X089A,CCCTATGG,1. Benchmark 2.0,
126,DM406_seq,null,null,PlexWell384-i7_X130,CACAGTCT,PlexWell384-i5_X060A,TCTCATAT,1. Benchmark 2.0,
304,DM407_seq_reseq,null,null,PlexWell384-i7_X116,TTCACACT,PlexWell384-i5_X089A,CCCTATGG,1. Benchmark 2.0,
234,DM408_seq,null,null,PlexWell384-i7_X142,TGGTACAG,PlexWell384-i5_X079A,GATCATAG,1. Benchmark 2.0,
232,DM409_seq,null,null,PlexWell384-i7_X140,TCCTATCT,PlexWell384-i5_X079A,GATCATAG,1. Benchmark 2.0,
267,DM410_seq,null,null,PlexWell384-i7_X175,TCTATTGG,PlexWell384-i5_X079A,GATCATAG,1. Benchmark 2.0,
317,DM411_seq_reseq,null,null,PlexWell384-i7_X129,TGTAAGAC,PlexWell384-i5_X089A,CCCTATGG,1. Benchmark 2.0,
257,DM412_seq,null,null,PlexWell384-i7_X165,CGTAATTC,PlexWell384-i5_X079A,GATCATAG,1. Benchmark 2.0,
160,DM413_seq,null,null,PlexWell384-i7_X164,GGTGTGAC,PlexWell384-i5_X060A,TCTCATAT,1. Benchmark 2.0,
183,DM414_seq,null,null,PlexWell384-i7_X187,TGAATGTG,PlexWell384-i5_X060A,TCTCATAT,1. Benchmark 2.0,
350,DM529_seq_reseq,null,null,PlexWell384-i7_X165,CGTAATTC,PlexWell384-i5_X089A,CCCTATGG,1. Benchmark 2.0,
341,DM530_seq_reseq,null,null,PlexWell384-i7_X155,CGAGCATT,PlexWell384-i5_X089A,CCCTATGG,1. Benchmark 2.0,
73,DM531_seq,null,null,PlexWell384-i7_X173,TGGTGGAA,PlexWell384-i5_X007A,CTCTCTAT,1. Benchmark 2.0,
361,DM532_seq_reseq,null,null,PlexWell384-i7_X177,ATTCGCAG,PlexWell384-i5_X089A,CCCTATGG,1. Benchmark 2.0,
25,DM533_seq,null,null,PlexWell384-i7_X125,ATAGATCC,PlexWell384-i5_X007A,CTCTCTAT,1. Benchmark 2.0,
358,DM534_seq_reseq,null,null,PlexWell384-i7_X174,ACTTCAAC,PlexWell384-i5_X089A,CCCTATGG,1. Benchmark 2.0,
114,DM535_seq,null,null,PlexWell384-i7_X118,CCAGGTAA,PlexWell384-i5_X060A,TCTCATAT,1. Benchmark 2.0,
292,DM536_seq_reseq,null,null,PlexWell384-i7_X104,CCATTGCG,PlexWell384-i5_X089A,CCCTATGG,1. Benchmark 2.0,
200,DM537_seq,null,null,PlexWell384-i7_X108,CAGAGTGG,PlexWell384-i5_X079A,GATCATAG,1. Benchmark 2.0,
242,DM538_seq,null,null,PlexWell384-i7_X150,ACTCGAAT,PlexWell384-i5_X079A,GATCATAG,1. Benchmark 2.0,
266,DM539_seq,null,null,PlexWell384-i7_X174,ACTTCAAC,PlexWell384-i5_X079A,GATCATAG,1. Benchmark 2.0,
272,DM540_seq,null,null,PlexWell384-i7_X180,CGCAACAG,PlexWell384-i5_X079A,GATCATAG,1. Benchmark 2.0,
38,DM541_seq,null,null,PlexWell384-i7_X138,CGTCTGAA,PlexWell384-i5_X007A,CTCTCTAT,1. Benchmark 2.0,
303,DM542_seq_reseq,null,null,PlexWell384-i7_X115,AATGTGCC,PlexWell384-i5_X089A,CCCTATGG,1. Benchmark 2.0,
273,DM543_seq,null,null,PlexWell384-i7_X181,CCTACACA,PlexWell384-i5_X079A,GATCATAG,1. Benchmark 2.0,
289,DM544_seq_reseq,null,null,PlexWell384-i7_X101,ACTCACCG,PlexWell384-i5_X089A,CCCTATGG,1. Benchmark 2.0,
260,DM545_seq,null,null,PlexWell384-i7_X168,ATTCTCCA,PlexWell384-i5_X079A,GATCATAG,1. Benchmark 2.0,
231,DM546_seq,null,null,PlexWell384-i7_X139,CGACTAGC,PlexWell384-i5_X079A,GATCATAG,1. Benchmark 2.0,
237,DM547_seq,null,null,PlexWell384-i7_X145,TCCTTGGC,PlexWell384-i5_X079A,GATCATAG,1. Benchmark 2.0,
212,DM548_seq,null,null,PlexWell384-i7_X120,TTGGCTGC,PlexWell384-i5_X079A,GATCATAG,1. Benchmark 2.0,
113,DM549_seq,null,null,PlexWell384-i7_X117,CTTGTTGG,PlexWell384-i5_X060A,TCTCATAT,1. Benchmark 2.0,
347,DM550_seq_reseq,null,null,PlexWell384-i7_X162,GTACCAGC,PlexWell384-i5_X089A,CCCTATGG,1. Benchmark 2.0,
224,DM551_seq,null,null,PlexWell384-i7_X132,GATGAGAA,PlexWell384-i5_X079A,GATCATAG,1. Benchmark 2.0,
248,DM552_seq,null,null,PlexWell384-i7_X156,TGTTGCAC,PlexWell384-i5_X079A,GATCATAG,1. Benchmark 2.0,
279,DM553_seq,null,null,PlexWell384-i7_X187,TGAATGTG,PlexWell384-i5_X079A,GATCATAG,1. Benchmark 2.0,
291,DM554_seq_reseq,null,null,PlexWell384-i7_X103,GTTGACAG,PlexWell384-i5_X089A,CCCTATGG,1. Benchmark 2.0,
236,DM555_seq,null,null,PlexWell384-i7_X144,ATGACACC,PlexWell384-i5_X079A,GATCATAG,1. Benchmark 2.0,
271,DM556_seq,null,null,PlexWell384-i7_X179,TCAAGGAT,PlexWell384-i5_X079A,GATCATAG,1. Benchmark 2.0,
284,DM557_seq,null,null,PlexWell384-i7_X192,CTTCTGGC,PlexWell384-i5_X079A,GATCATAG,1. Benchmark 2.0,
249,DM558_seq,null,null,PlexWell384-i7_X157,TCACTCAC,PlexWell384-i5_X079A,GATCATAG,1. Benchmark 2.0,
352,DM559_seq_reseq,null,null,PlexWell384-i7_X167,ACCGTTCC,PlexWell384-i5_X089A,CCCTATGG,1. Benchmark 2.0,
1,DM560_seq,null,null,PlexWell384-i7_X101,ACTCACCG,PlexWell384-i5_X007A,CTCTCTAT,1. Benchmark 2.0,
112,DM561_seq,null,null,PlexWell384-i7_X116,TTCACACT,PlexWell384-i5_X060A,TCTCATAT,1. Benchmark 2.0,
157,DM562_seq,null,null,PlexWell384-i7_X161,CCGAGTTA,PlexWell384-i5_X060A,TCTCATAT,1. Benchmark 2.0,
133,DM563_seq,null,null,PlexWell384-i7_X137,GGAGCTAT,PlexWell384-i5_X060A,TCTCATAT,1. Benchmark 2.0,
348,DM564_seq_reseq,null,null,PlexWell384-i7_X163,AACCAATC,PlexWell384-i5_X089A,CCCTATGG,1. Benchmark 2.0,
369,DM565_seq_reseq,null,null,PlexWell384-i7_X186,CCTGTTAC,PlexWell384-i5_X089A,CCCTATGG,1. Benchmark 2.0,
326,DM566_seq_reseq,null,null,PlexWell384-i7_X139,CGACTAGC,PlexWell384-i5_X089A,CCCTATGG,1. Benchmark 2.0,
170,DM567_seq,null,null,PlexWell384-i7_X174,ACTTCAAC,PlexWell384-i5_X060A,TCTCATAT,1. Benchmark 2.0,
330,DM568_seq_reseq,null,null,PlexWell384-i7_X143,TGCTCCGT,PlexWell384-i5_X089A,CCCTATGG,1. Benchmark 2.0,
337,DM569_seq_reseq,null,null,PlexWell384-i7_X151,GTTAAGCA,PlexWell384-i5_X089A,CCCTATGG,1. Benchmark 2.0,
158,DM570_seq,null,null,PlexWell384-i7_X162,GTACCAGC,PlexWell384-i5_X060A,TCTCATAT,1. Benchmark 2.0,
182,DM571_seq,null,null,PlexWell384-i7_X186,CCTGTTAC,PlexWell384-i5_X060A,TCTCATAT,1. Benchmark 2.0,
235,DM572_seq,null,null,PlexWell384-i7_X143,TGCTCCGT,PlexWell384-i5_X079A,GATCATAG,1. Benchmark 2.0,
223,DM573_seq,null,null,PlexWell384-i7_X131,CACCGCAA,PlexWell384-i5_X079A,GATCATAG,1. Benchmark 2.0,
247,DM574_seq,null,null,PlexWell384-i7_X155,CGAGCATT,PlexWell384-i5_X079A,GATCATAG,1. Benchmark 2.0,
259,DM575_seq,null,null,PlexWell384-i7_X167,ACCGTTCC,PlexWell384-i5_X079A,GATCATAG,1. Benchmark 2.0,
136,DM576_seq,null,null,PlexWell384-i7_X140,TCCTATCT,PlexWell384-i5_X060A,TCTCATAT,1. Benchmark 2.0,
261,DM577_seq,null,null,PlexWell384-i7_X169,CAGGCTTC,PlexWell384-i5_X079A,GATCATAG,1. Benchmark 2.0,
172,DM578_seq,null,null,PlexWell384-i7_X176,CCACAATG,PlexWell384-i5_X060A,TCTCATAT,1. Benchmark 2.0,
343,DM578_seq_reseq,null,null,PlexWell384-i7_X157,TCACTCAC,PlexWell384-i5_X089A,CCCTATGG,1. Benchmark 2.0,
269,DM579_seq,null,null,PlexWell384-i7_X177,ATTCGCAG,PlexWell384-i5_X079A,GATCATAG,1. Benchmark 2.0,
370,DM580_seq_reseq,null,null,PlexWell384-i7_X187,TGAATGTG,PlexWell384-i5_X089A,CCCTATGG,1. Benchmark 2.0,
220,DM581_seq,null,null,PlexWell384-i7_X128,ATGGTCCG,PlexWell384-i5_X079A,GATCATAG,1. Benchmark 2.0,
255,DM582_seq,null,null,PlexWell384-i7_X163,AACCAATC,PlexWell384-i5_X079A,GATCATAG,1. Benchmark 2.0,
256,DM583_seq,null,null,PlexWell384-i7_X164,GGTGTGAC,PlexWell384-i5_X079A,GATCATAG,1. Benchmark 2.0,
161,DM584_seq,null,null,PlexWell384-i7_X165,CGTAATTC,PlexWell384-i5_X060A,TCTCATAT,1. Benchmark 2.0,
245,DM585_seq,null,null,PlexWell384-i7_X153,CTCGTACA,PlexWell384-i5_X079A,GATCATAG,1. Benchmark 2.0,
258,DM643_seq,null,null,PlexWell384-i7_X166,ATTCCGTA,PlexWell384-i5_X079A,GATCATAG,1. Benchmark 2.0,
138,DM644_seq,null,null,PlexWell384-i7_X142,TGGTACAG,PlexWell384-i5_X060A,TCTCATAT,1. Benchmark 2.0,
225,DM645_seq,null,null,PlexWell384-i7_X133,CCATACTC,PlexWell384-i5_X079A,GATCATAG,1. Benchmark 2.0,
241,DM646_seq,null,null,PlexWell384-i7_X149,TGGTGACT,PlexWell384-i5_X079A,GATCATAG,1. Benchmark 2.0,
214,DM647_seq,null,null,PlexWell384-i7_X122,ACATCCTT,PlexWell384-i5_X079A,GATCATAG,1. Benchmark 2.0,
286,DM648_seq,null,null,PlexWell384-i7_X194,ATGCCGCT,PlexWell384-i5_X079A,GATCATAG,1. Benchmark 2.0,
194,DM649_seq,null,null,PlexWell384-i7_X102,GGCTCCTA,PlexWell384-i5_X079A,GATCATAG,1. Benchmark 2.0,
274,DM650_seq,null,null,PlexWell384-i7_X182,GTGCGAGT,PlexWell384-i5_X079A,GATCATAG,1. Benchmark 2.0,
226,DM651_seq,null,null,PlexWell384-i7_X134,ACACAACA,PlexWell384-i5_X079A,GATCATAG,1. Benchmark 2.0,
203,DM652_seq,null,null,PlexWell384-i7_X111,TCCTCAGA,PlexWell384-i5_X079A,GATCATAG,1. Benchmark 2.0,
250,DM653_seq,null,null,PlexWell384-i7_X158,CAACTCCG,PlexWell384-i5_X079A,GATCATAG,1. Benchmark 2.0,
287,DM654_seq,null,null,PlexWell384-i7_X195,CTAGCCGA,PlexWell384-i5_X079A,GATCATAG,1. Benchmark 2.0,
204,DM655_seq,null,null,PlexWell384-i7_X112,TTCCATTC,PlexWell384-i5_X079A,GATCATAG,1. Benchmark 2.0,
275,DM656_seq,null,null,PlexWell384-i7_X183,GTGTCCAT,PlexWell384-i5_X079A,GATCATAG,1. Benchmark 2.0,
329,DM657_seq_reseq,null,null,PlexWell384-i7_X142,TGGTACAG,PlexWell384-i5_X089A,CCCTATGG,1. Benchmark 2.0,
306,DM658_seq_reseq,null,null,PlexWell384-i7_X118,CCAGGTAA,PlexWell384-i5_X089A,CCCTATGG,1. Benchmark 2.0,
185,DM659_seq,null,null,PlexWell384-i7_X189,ACCTGAGC,PlexWell384-i5_X060A,TCTCATAT,1. Benchmark 2.0,
340,DM660_seq_reseq,null,null,PlexWell384-i7_X154,AACGCTTG,PlexWell384-i5_X089A,CCCTATGG,1. Benchmark 2.0,
372,DM661_seq_reseq,null,null,PlexWell384-i7_X189,ACCTGAGC,PlexWell384-i5_X089A,CCCTATGG,1. Benchmark 2.0,
295,DM662_seq_reseq,null,null,PlexWell384-i7_X107,ACGAAGCG,PlexWell384-i5_X089A,CCCTATGG,1. Benchmark 2.0,
135,DM663_seq,null,null,PlexWell384-i7_X139,CGACTAGC,PlexWell384-i5_X060A,TCTCATAT,1. Benchmark 2.0,
146,DM664_seq,null,null,PlexWell384-i7_X150,ACTCGAAT,PlexWell384-i5_X060A,TCTCATAT,1. Benchmark 2.0,
321,DM664_seq_reseq,null,null,PlexWell384-i7_X133,CCATACTC,PlexWell384-i5_X089A,CCCTATGG,1. Benchmark 2.0,
171,DM665_seq,null,null,PlexWell384-i7_X175,TCTATTGG,PlexWell384-i5_X060A,TCTCATAT,1. Benchmark 2.0,
99,DM666_seq,null,null,PlexWell384-i7_X103,GTTGACAG,PlexWell384-i5_X060A,TCTCATAT,1. Benchmark 2.0,
342,DM666_seq_reseq,null,null,PlexWell384-i7_X156,TGTTGCAC,PlexWell384-i5_X089A,CCCTATGG,1. Benchmark 2.0,
262,DM667_seq,null,null,PlexWell384-i7_X170,ACCGACCA,PlexWell384-i5_X079A,GATCATAG,1. Benchmark 2.0,
294,DM668_seq_reseq,null,null,PlexWell384-i7_X106,GTTCGTCT,PlexWell384-i5_X089A,CCCTATGG,1. Benchmark 2.0,
318,DM669_seq_reseq,null,null,PlexWell384-i7_X130,CACAGTCT,PlexWell384-i5_X089A,CCCTATGG,1. Benchmark 2.0,
150,DM670_seq,null,null,PlexWell384-i7_X154,AACGCTTG,PlexWell384-i5_X060A,TCTCATAT,1. Benchmark 2.0,
102,DM671_seq,null,null,PlexWell384-i7_X106,GTTCGTCT,PlexWell384-i5_X060A,TCTCATAT,1. Benchmark 2.0,
302,DM672_seq_reseq,null,null,PlexWell384-i7_X114,CAGAAGAA,PlexWell384-i5_X089A,CCCTATGG,1. Benchmark 2.0,
315,DM673_seq_reseq,null,null,PlexWell384-i7_X127,AAGTACCT,PlexWell384-i5_X089A,CCCTATGG,1. Benchmark 2.0,
215,DM674_seq,null,null,PlexWell384-i7_X123,ACGCTGCA,PlexWell384-i5_X079A,GATCATAG,1. Benchmark 2.0,
263,DM675_seq,null,null,PlexWell384-i7_X171,CAAGTAGT,PlexWell384-i5_X079A,GATCATAG,1. Benchmark 2.0,
251,DM676_seq,null,null,PlexWell384-i7_X159,TCAACTGA,PlexWell384-i5_X079A,GATCATAG,1. Benchmark 2.0,
314,DM677_seq_reseq,null,null,PlexWell384-i7_X126,CAGGAAGG,PlexWell384-i5_X089A,CCCTATGG,1. Benchmark 2.0,
238,DM678_seq,null,null,PlexWell384-i7_X146,CAGGCCAT,PlexWell384-i5_X079A,GATCATAG,1. Benchmark 2.0,
290,DM679_seq_reseq,null,null,PlexWell384-i7_X102,GGCTCCTA,PlexWell384-i5_X089A,CCCTATGG,1. Benchmark 2.0,
368,DM680_seq_reseq,null,null,PlexWell384-i7_X185,CTGTACGC,PlexWell384-i5_X089A,CCCTATGG,1. Benchmark 2.0,
346,DM681_seq_reseq,null,null,PlexWell384-i7_X161,CCGAGTTA,PlexWell384-i5_X089A,CCCTATGG,1. Benchmark 2.0,
357,DM682_seq_reseq,null,null,PlexWell384-i7_X173,TGGTGGAA,PlexWell384-i5_X089A,CCCTATGG,1. Benchmark 2.0,
362,DM683_seq_reseq,null,null,PlexWell384-i7_X178,CGCTCTTG,PlexWell384-i5_X089A,CCCTATGG,1. Benchmark 2.0,
307,DM684_seq_reseq,null,null,PlexWell384-i7_X119,CTCTCAGG,PlexWell384-i5_X089A,CCCTATGG,1. Benchmark 2.0,
373,DM685_seq_reseq,null,null,PlexWell384-i7_X190,TGAACTCT,PlexWell384-i5_X089A,CCCTATGG,1. Benchmark 2.0,
162,DM686_seq,null,null,PlexWell384-i7_X166,ATTCCGTA,PlexWell384-i5_X060A,TCTCATAT,1. Benchmark 2.0,
149,DM687_seq,null,null,PlexWell384-i7_X153,CTCGTACA,PlexWell384-i5_X060A,TCTCATAT,1. Benchmark 2.0,
270,DM688_seq,null,null,PlexWell384-i7_X178,CGCTCTTG,PlexWell384-i5_X079A,GATCATAG,1. Benchmark 2.0,
227,DM689_seq,null,null,PlexWell384-i7_X135,CGATGGCA,PlexWell384-i5_X079A,GATCATAG,1. Benchmark 2.0,
336,DM690_seq_reseq,null,null,PlexWell384-i7_X150,ACTCGAAT,PlexWell384-i5_X089A,CCCTATGG,1. Benchmark 2.0,
239,DM691_seq,null,null,PlexWell384-i7_X147,CAACCGTG,PlexWell384-i5_X079A,GATCATAG,1. Benchmark 2.0,
319,DM692_seq_reseq,null,null,PlexWell384-i7_X131,CACCGCAA,PlexWell384-i5_X089A,CCCTATGG,1. Benchmark 2.0,
198,DM693_seq,null,null,PlexWell384-i7_X106,GTTCGTCT,PlexWell384-i5_X079A,GATCATAG,1. Benchmark 2.0,
213,DM694_seq,null,null,PlexWell384-i7_X121,CTAACAAC,PlexWell384-i5_X079A,GATCATAG,1. Benchmark 2.0,
283,DM695_seq,null,null,PlexWell384-i7_X191,CAAGTGAC,PlexWell384-i5_X079A,GATCATAG,1. Benchmark 2.0,
244,DM696_seq,null,null,PlexWell384-i7_X152,CACATGGT,PlexWell384-i5_X079A,GATCATAG,1. Benchmark 2.0,
222,DM697_seq,null,null,PlexWell384-i7_X130,CACAGTCT,PlexWell384-i5_X079A,GATCATAG,1. Benchmark 2.0,
101,DM698_seq,null,null,PlexWell384-i7_X105,TACAGAGT,PlexWell384-i5_X060A,TCTCATAT,1. Benchmark 2.0,
338,DM699_seq_reseq,null,null,PlexWell384-i7_X152,CACATGGT,PlexWell384-i5_X089A,CCCTATGG,1. Benchmark 2.0,
189,DM700_seq,null,null,PlexWell384-i7_X193,CGCGTGAT,PlexWell384-i5_X060A,TCTCATAT,1. Benchmark 2.0,
365,DM700_seq_reseq,null,null,PlexWell384-i7_X181,CCTACACA,PlexWell384-i5_X089A,CCCTATGG,1. Benchmark 2.0,
363,Stool001_seq_reseq,null,null,PlexWell384-i7_X179,TCAAGGAT,PlexWell384-i5_X089A,CCCTATGG,1. Benchmark 2.0,
374,Stool002_seq_reseq,null,null,PlexWell384-i7_X191,CAAGTGAC,PlexWell384-i5_X089A,CCCTATGG,1. Benchmark 2.0,
296,Stool003_seq_reseq,null,null,PlexWell384-i7_X108,CAGAGTGG,PlexWell384-i5_X089A,CCCTATGG,1. Benchmark 2.0,
308,Stool005_seq_reseq,null,null,PlexWell384-i7_X120,TTGGCTGC,PlexWell384-i5_X089A,CCCTATGG,1. Benchmark 2.0,
320,Stool006_seq_reseq,null,null,PlexWell384-i7_X132,GATGAGAA,PlexWell384-i5_X089A,CCCTATGG,1. Benchmark 2.0,
331,Stool007_seq_reseq,null,null,PlexWell384-i7_X144,ATGACACC,PlexWell384-i5_X089A,CCCTATGG,1. Benchmark 2.0,
